<?xml version="1.0" encoding="UTF-8"?>
<metadata modelVersion="1.1.0">
  <groupId>ch.epfl.alumni</groupId>
  <artifactId>scala-maven-plugin</artifactId>
  <version>1.0-SNAPSHOT</version>
  <versioning>
    <snapshot>
      <localCopy>true</localCopy>
    </snapshot>
    <lastUpdated>20190131113213</lastUpdated>
    <snapshotVersions>
      <snapshotVersion>
        <extension>jar</extension>
        <value>1.0-SNAPSHOT</value>
        <updated>20190131113213</updated>
      </snapshotVersion>
      <snapshotVersion>
        <extension>pom</extension>
        <value>1.0-SNAPSHOT</value>
        <updated>20190131113213</updated>
      </snapshotVersion>
    </snapshotVersions>
  </versioning>
</metadata>
